,Unnamed: 0,average_minter_speed,beacon_num_trans_threshold,beacon_shout,broadcast_percentage_selection,decision_thres,dspend_all,dspend_main,failed,gini,loser_nodes,majority_threshold,mean_num_transactions,num_minters,num_orphan_transactions,num_users,perc_evil_minters,perc_evil_users,transaction_volume
0,0,1035.4913793103447,232,True,0.2080820835485111,0.5000100000000001,4132,0,True,-1.3848636176868759e-17,116,0.2,555.0,116,1110,2975,0.5686807489376423,0.38811170320311206,0.15553693962076987
1,1,1009.2335766423356,300,True,0.05101034320715271,0.5000100000000001,63934,0,True,2.888279003904056e-17,274,0.2,8.785714285714286,274,369,863,0.5558808451078759,0.4561824761904234,0.0020560319519544517
0,0,993.4967462039044,286,True,0.20660668366348414,0.6235854769923964,13779,0,True,-4.0812989680474105e-17,922,0.2,143.25,922,573,2388,0.2046456739407109,0.4487872928693396,0.04418191139095913
1,0,961.6687116564417,176,True,0.110339277791471,0.897134165987598,5310,0,True,-8.161407448421124e-17,163,0.2,107.5,163,430,428,0.45115326484699897,0.388485600459756,0.19499568166449704
2,0,961.6687116564417,176,True,0.110339277791471,0.897134165987598,5310,0,True,-8.161407448421124e-17,163,0.2,107.5,163,430,428,0.45115326484699897,0.388485600459756,0.19499568166449704
3,1,972.6629834254144,223,True,0.21051297559675355,0.5000100000000001,3649,0,False,0.8784523159473548,159,0.2,3.88,181,321,650,0.0492491456040695,0.550990699107415,0.0038131455247319094
0,0,926.7738095238096,25,True,0.08979042272941869,0.5000100000000001,828,0,True,0.0,168,0.2,58.0,168,116,419,0.5194191552338424,0.4419493295529088,0.09858464677429774
1,0,926.7738095238096,25,True,0.08979042272941869,0.5000100000000001,828,0,True,0.0,168,0.2,58.0,168,116,419,0.5194191552338424,0.4419493295529088,0.09858464677429774
2,1,996.9714285714284,263,True,0.1076028261768506,0.8121928819464264,95055,0,True,0.0,210,0.2,4.771428571428571,210,334,1022,0.5538181952263959,0.43371486037409546,0.0034286597007554547
3,0,926.7738095238096,25,True,0.08979042272941869,0.5000100000000001,828,0,True,0.0,168,0.2,58.0,168,116,419,0.5194191552338424,0.4419493295529088,0.09858464677429774
4,1,996.9714285714284,263,True,0.1076028261768506,0.8121928819464264,95055,0,True,0.0,210,0.2,4.771428571428571,210,334,1022,0.5538181952263959,0.43371486037409546,0.0034286597007554547
5,2,1003.7142857142856,75,True,0.2641594075086931,0.8562269712530496,544,0,True,-6.829189798976471e-17,252,0.2,355.0,252,710,946,0.09035401817310036,0.09853146302775588,0.13446286065724608
6,0,926.7738095238096,25,True,0.08979042272941869,0.5000100000000001,828,0,True,0.0,168,0.2,58.0,168,116,419,0.5194191552338424,0.4419493295529088,0.09858464677429774
7,1,996.9714285714284,263,True,0.1076028261768506,0.8121928819464264,95055,0,True,0.0,210,0.2,4.771428571428571,210,334,1022,0.5538181952263959,0.43371486037409546,0.0034286597007554547
8,2,1003.7142857142856,75,True,0.2641594075086931,0.8562269712530496,544,0,True,-6.829189798976471e-17,252,0.2,355.0,252,710,946,0.09035401817310036,0.09853146302775588,0.13446286065724608
9,3,1021.1350210970463,644,True,0.07632983333101913,0.7672994901650934,17986,0,True,-3.8605001779825325e-17,237,0.2,602.6666666666666,237,1808,1481,0.4994146750573799,0.3031307758077232,0.13086267098801604
10,0,926.7738095238096,25,True,0.08979042272941869,0.5000100000000001,828,0,True,0.0,168,0.2,58.0,168,116,419,0.5194191552338424,0.4419493295529088,0.09858464677429774
11,1,996.9714285714284,263,True,0.1076028261768506,0.8121928819464264,95055,0,True,0.0,210,0.2,4.771428571428571,210,334,1022,0.5538181952263959,0.43371486037409546,0.0034286597007554547
12,2,1003.7142857142856,75,True,0.2641594075086931,0.8562269712530496,544,0,True,-6.829189798976471e-17,252,0.2,355.0,252,710,946,0.09035401817310036,0.09853146302775588,0.13446286065724608
13,3,1021.1350210970463,644,True,0.07632983333101913,0.7672994901650934,17986,0,True,-3.8605001779825325e-17,237,0.2,602.6666666666666,237,1808,1481,0.4994146750573799,0.3031307758077232,0.13086267098801604
14,4,1026.0579399141632,32,True,0.057659183855815324,0.5000100000000001,17566,0,True,-3.994187303083513e-17,466,0.2,778.0,466,1556,175,0.3789936461234028,0.044946076488222304,0.16979408744421895
15,0,926.7738095238096,25,True,0.08979042272941869,0.5000100000000001,828,0,True,0.0,168,0.2,58.0,168,116,419,0.5194191552338424,0.4419493295529088,0.09858464677429774
16,1,996.9714285714284,263,True,0.1076028261768506,0.8121928819464264,95055,0,True,0.0,210,0.2,4.771428571428571,210,334,1022,0.5538181952263959,0.43371486037409546,0.0034286597007554547
17,2,1003.7142857142856,75,True,0.2641594075086931,0.8562269712530496,544,0,True,-6.829189798976471e-17,252,0.2,355.0,252,710,946,0.09035401817310036,0.09853146302775588,0.13446286065724608
18,3,1021.1350210970463,644,True,0.07632983333101913,0.7672994901650934,17986,0,True,-3.8605001779825325e-17,237,0.2,602.6666666666666,237,1808,1481,0.4994146750573799,0.3031307758077232,0.13086267098801604
19,4,1026.0579399141632,32,True,0.057659183855815324,0.5000100000000001,17566,0,True,-3.994187303083513e-17,466,0.2,778.0,466,1556,175,0.3789936461234028,0.044946076488222304,0.16979408744421895
20,5,948.0833333333335,254,True,0.27634081651283143,0.8816929784332056,2246,0,True,2.205814966808074e-17,48,0.2,1168.0,48,2336,1283,0.3918138605712149,0.251857240603971,0.19090057487908674
0,0,937.62,307,True,0.16299626084914176,0.5000100000000001,3140,0,True,0.0,200,0.2,118.0,200,472,774,0.4854706095333972,0.21054694673483826,0.15324762606132372
1,1,999.7933884297521,43,True,0.2471368690013812,0.5000100000000001,6850,0,True,0.0,605,0.2,529.0,605,1058,1691,0.2572139564265244,0.25735400295444266,0.19010976501685173
2,0,1023.6854663774403,303,True,0.1974806951780786,0.5000100000000001,15917,0,True,0.0,461,0.2,108.2,461,541,653,0.2720761727870811,0.50518168597174,0.13222036991605773
3,0,1023.6854663774403,303,True,0.1974806951780786,0.5000100000000001,15917,0,True,0.0,461,0.2,108.2,461,541,653,0.2720761727870811,0.50518168597174,0.13222036991605773
4,1,1013.2857142857144,192,True,0.18227634565537632,0.5000100000000001,4298,0,True,7.656254307503031e-17,238,0.2,382.0,238,764,1199,0.4848012624182309,0.1600675785844654,0.19259754437858434
0,0,1035.4913793103447,232,True,0.2080820835485111,0.5000100000000001,4132,0,True,-1.3848636176868759e-17,116,0.2,555.0,116,1110,2975,0.5686807489376423,0.38811170320311206,0.15553693962076987
1,1,1009.2335766423356,300,True,0.05101034320715271,0.5000100000000001,63934,0,True,2.888279003904056e-17,274,0.2,8.785714285714286,274,369,863,0.5558808451078759,0.4561824761904234,0.0020560319519544517
0,0,993.4967462039044,286,True,0.20660668366348414,0.6235854769923964,13779,0,True,-4.0812989680474105e-17,922,0.2,143.25,922,573,2388,0.2046456739407109,0.4487872928693396,0.04418191139095913
0,0,937.62,307,True,0.16299626084914176,0.5000100000000001,3140,0,True,0.0,200,0.2,118.0,200,472,774,0.4854706095333972,0.21054694673483826,0.15324762606132372
1,1,999.7933884297521,43,True,0.2471368690013812,0.5000100000000001,6850,0,True,0.0,605,0.2,529.0,605,1058,1691,0.2572139564265244,0.25735400295444266,0.19010976501685173
0,0,2045.2084592145013,15,True,0.17039229077627166,0.5000100000000001,73034,0,False,0.5508741270520763,417,0.2,2.22,993,53,243,0.12949706944705527,0.3640477748086667,0.011470409834560205
1,1,1968.8842443729905,26,True,0.1079219454865268,0.5000100000000001,12490,0,True,0.940512888374953,585,0.2,144.5,622,235,327,0.2775290779074539,0.4245625191660107,0.18863130290174684
0,0,2012.738219895288,60,True,0.1909346005639087,0.6160258325058708,3936,6,True,0.5568776082292379,84,0.2,18.285714285714285,191,107,135,0.2885743494265376,0.006331160189551666,0.13800588136792516
1,1,2022.8535519125683,56,True,0.15234776338628914,0.94991948119558,3159,0,True,0.0,915,0.2,16.6,915,83,375,0.4543938503545394,0.16103187265404334,0.03991682859319808
2,2,2010.4808743169397,255,True,0.2672615956721929,0.5848788049437459,6468,0,True,0.0,183,0.2,48.5,183,388,729,0.3833335532502756,0.5441449695159752,0.03562610051546311
3,3,1986.8401486988848,164,True,0.12805936846793664,0.5000100000000001,3954,0,True,0.0,269,0.2,220.0,269,440,417,0.5607718173825059,0.4146614036458694,0.11271273866352738
0,0,1903.7764705882355,11,True,0.06014506118936351,0.8770939047263441,12,0,True,0.9352926721947477,159,0.2,16.0,170,20,130,0.051688352761134385,0.2803810582713094,0.12267414572520967
1,1,1918.0425531914893,64,True,0.11295224870794035,0.5000100000000001,0,0,False,-7.668926638789502e-18,47,0.2,0.09,47,9,190,0.39092263361034985,0.13279361644226068,0.0012012134614098225
2,2,2052.95,30,True,0.2495754131025651,0.9590147489727014,176,0,True,0.0,160,0.2,73.0,160,146,157,0.3676213239695783,0.09930908292822553,0.150744014152141
3,3,1929.3636363636365,51,True,0.17165387155049816,0.6179970493381101,510,0,True,0.6564169424033154,56,0.2,96.25,88,140,136,0.18748875738842166,0.15451699372979413,0.13029676415593647
4,4,1919.6448598130842,34,True,0.05136500796100808,0.8003520422384006,304,0,True,-2.6633929689191027e-17,107,0.2,120.0,107,240,135,0.1930305666537427,0.3476950991385238,0.13445367218044196
5,5,2126.3478260869565,76,True,0.22008401432192046,0.6564937505663746,514,0,True,-1.4090529179277584e-17,115,0.2,134.0,115,268,196,0.3637005769802169,0.31817075124451943,0.11459703090649248
6,6,1840.514705882353,32,True,0.2255999138830424,0.5000100000000001,274,0,True,0.7941172613447253,54,0.2,103.5,68,127,142,0.16457322954496978,0.33467719232375776,0.0904510362465141
7,7,2152.84375,58,True,0.29679847917506424,0.972660928421642,534,0,True,0.0,96,0.2,118.0,96,236,151,0.31620011519374897,0.5428479707309123,0.07839901057062362
8,8,2059.7957746478874,14,True,0.11190010163379842,0.5000100000000001,195238,0,False,0.4045443375993727,38,0.2,222.28,142,4368,171,0.04252183801545708,0.10405197234931307,0.12657072262628602
9,9,2184.8804347826085,55,True,0.2490154815222293,0.9862758144486268,1418,0,True,0.0,184,0.2,109.0,184,218,157,0.3374676594061129,0.5995804724631807,0.05568435369639282
10,10,1906.2592592592596,22,True,0.16012539648107998,0.5000100000000001,926,0,True,1.1619107644091914e-17,27,0.2,374.0,27,748,186,0.398450554416311,0.06953499560138189,0.17380304300854132
11,11,1962.340425531915,16,True,0.084948562635776,0.5000100000000001,2748,0,True,0.8723397421991167,41,0.2,215.66666666666663,47,410,135,0.4925807850436514,0.21483096818547895,0.09391709391202553
12,12,2048.5822784810125,48,True,0.2508344949307897,0.8290315346764203,141,0,True,-4.343062700230349e-17,158,0.2,28.5,158,114,145,0.038846490913955915,0.15604087685701254,0.01022807871202307
13,13,1860.4411764705883,21,True,0.100472234051565,0.9004899827248926,2610,0,True,-4.884849753485006e-18,102,0.2,460.0,102,920,173,0.3504696509759388,0.15228049213080105,0.1739599340272319
14,14,2069.0318471337578,25,True,0.11333042471285006,0.5000100000000001,5408,0,True,8.797129072055696e-17,157,0.2,316.0,157,632,124,0.5832267717802593,0.14591372000532368,0.11124795707137712
0,0,2060.406947890819,118,True,0.08165527706495193,0.5000100000000001,6511,0,True,5.340601432115238e-17,403,0.2,61.0,403,244,560,0.4354946845092197,0.4116889195598319,0.1029423884892286
0,0,1016.9176470588237,94,True,0.1510997820046686,0.8849002137783101,484,0,True,2.344727881672803e-18,85,0.2,89.0,85,267,515,0.4467878770120301,0.18775507581900305,0.1426504251332363
1,1,3336.0625,55,True,0.15737117858665384,0.6994375763805699,596,0,True,0.0,144,0.2,43.33333333333334,144,130,317,0.6913238834732506,0.1813720232409636,0.04600374255243098
2,2,8174.1923076923085,100,True,0.08112091265755758,0.5000100000000001,20710,0,False,0.3653278748431201,9,0.2,117.95,78,1844,563,0.01530586561551971,0.22267656185909254,0.07223837600854957
3,3,8912.130434782608,13,True,0.1133761630840159,0.5000100000000001,172744,0,False,0.2875128025723492,9,0.2,216.22,69,4057,232,0.09069487763597296,0.09538543773104974,0.11580354855066023
4,4,5634.211267605633,13,True,0.08129972418599878,0.5000100000000001,196732,0,False,0.3665627962493685,23,0.2,117.0,142,3574,249,0.03522922431885611,0.1914336100880537,0.05441232482122183
5,5,1304.8648648648648,26,True,0.2836133067614656,0.5000100000000001,5344,0,True,6.187238475195766e-18,74,0.2,382.0,74,764,187,0.6886491159124585,0.10079742156826768,0.17817622396568486
6,6,3589.9214285714284,59,True,0.2838291930640985,0.5674791261046043,447666,0,False,0.299673272941868,29,0.2,122.5,140,4619,376,0.05437381826944939,0.27671188612115794,0.043722442215235566
7,7,8832.7265625,69,True,0.21553421411415907,0.5000100000000001,136170,0,True,0.6387459408107842,71,0.2,314.0,128,1768,448,0.40337626882258776,0.4219873200774679,0.09538973589097056
0,0,9451.070707070709,42,True,0.1267423182734923,0.5000100000000001,2966,0,True,0.919190781693327,91,0.2,91.5,99,153,373,0.6756038027860954,0.6677229795573445,0.1553091854537904
1,1,1652.504347826087,24,True,0.05084253479763183,0.7610636724229657,2590,0,True,0.9565195391354946,110,0.2,73.5,115,112,393,0.6332380226689396,0.363101132001817,0.07717354610853243
2,2,3320.607476635514,26,True,0.1889082522976321,0.5000100000000001,1871244,0,False,0.4040771484547093,33,0.2,304.24,107,9367,374,0.16227859444218287,0.31646586428684664,0.19146257179410503
3,3,8951.613793103448,83,True,0.17378941598810316,0.5000100000000001,3450,0,True,0.0,145,0.2,102.0,145,204,422,0.6871974295544703,0.14569668043800485,0.04441371952334616
4,4,6724.821428571428,53,True,0.055531150877841454,0.8844075604688902,852,0,True,0.0,56,0.2,19.6,56,98,308,0.3944860604307028,0.2738067807624564,0.009074903801415114
5,5,3548.9496402877703,87,True,0.055309781407946186,0.5000100000000001,584607,0,False,0.5133519899261318,47,0.2,66.11,139,2287,447,0.1292506725314868,0.6951062486725029,0.02116771813246661
6,6,8458.84375,34,True,0.2716987902997609,0.6469677635958978,1684,0,True,0.7812496428573058,75,0.2,101.5,96,201,511,0.2578926325192194,0.13754846578026975,0.02539171124703763
7,7,7256.827586206897,26,True,0.128787493932903,0.5000100000000001,27976,0,True,0.9195390870293348,80,0.2,690.5,87,1351,146,0.4461421005785592,0.05439264019032911,0.1816911668969996
8,8,10173.465517241379,49,True,0.24028750327831536,0.5000100000000001,3465,0,True,-1.3848636176868759e-17,116,0.2,47.0,116,141,450,0.5561866716505522,0.2541271115513581,0.011474520382768772
0,0,4989.0,46,True,0.19921336453214566,0.5000100000000001,126106,0,False,0.3836518652266802,17,0.2,37.76,63,932,463,0.15787009619311826,0.4044910412257069,0.06879229836524765
1,1,9596.752688172042,24,True,0.05517219184993948,0.6718640146886112,17140,0,False,0.4692780026206957,24,0.2,18.14,93,517,171,0.022181938995970884,0.6782424411736123,0.022373418881588197
2,2,5722.879310344828,16,True,0.1890204660250822,0.593831287302895,1572,0,True,5.035867700679551e-18,58,0.2,178.0,58,356,239,0.6765315353201049,0.2355081410853977,0.14361682247883906
3,3,4507.597938144329,73,True,0.18014414999146425,0.5000100000000001,2762,0,True,0.8865971563268379,86,0.2,113.0,97,167,570,0.4221011760994756,0.2105825598574059,0.06155775529036525
0,0,4824.835999999999,343,True,0.15472075873895585,0.6976631863329943,1104082,0,False,0.8154130615289795,194,0.2,47.15,250,3025,768,0.5738214384185432,0.0874591210763445,0.05951291005946518
0,0,4984.86170212766,18,True,0.2587774442650857,0.5000100000000001,3684706,538,False,0.4809447509837633,155,0.2,94.3,470,2646,957,0.2903954909387366,0.5403375226854554,0.07308122622109035
1,1,5563.1882352941175,228,True,0.2873343666174552,0.5000100000000001,1293126,224,False,0.3120921716073596,16,0.2,179.38,85,5979,469,0.16719954917288712,0.2483483661989133,0.08929032146552035
0,0,5335.941176470587,199,True,0.09794166107274332,0.5000100000000001,121785,0,False,0.4607842847131463,10,0.2,77.47,34,2523,602,0.0591576959243925,0.3566085146994465,0.10324396871780177
1,1,5314.9064748201445,47,True,0.2054050226357448,0.5000100000000001,73215,38,False,0.2423369321471992,5,0.2,86.7,139,3635,200,0.02108135848607837,0.4055685856542441,0.08338987900160606
0,0,1030.44140625,122,True,0.08915939459868638,0.5000100000000001,30755,0,False,0.9051331010211646,230,0.2,5.65,256,315,251,0.036617280009429584,0.35002429682220504,0.020403545509007318
0,0,978.7147540983608,25,True,0.09030477749642822,0.7010977373210717,450259,160,False,0.6882700621225127,171,0.2,45.27,305,776,503,0.2896766795366698,0.1692809690718741,0.08294412351391997
0,0,970.121076233184,685,True,0.1750169369523502,0.5000100000000001,349260,0,False,0.8050464388982719,173,0.2,102.75,223,8060,1473,0.02658072533577278,0.4202062411267469,0.05361453539170618
0,0,7877.3125,462,True,0.33551316235984724,0.5000100000000001,136348,0,False,0.7999996000001999,64,0.2,18.3,80,903,261,0.35538248673210104,0.5862496609728263,0.05543676650385288
1,1,9644.898550724638,327,True,0.40527481978448704,0.5000100000000001,31944,0,True,0.7826083356523398,54,0.2,117.16666666666669,69,961,326,0.3281452388438574,0.6919801072099092,0.13480462497709375
2,2,3713.655913978495,256,True,0.05200652657862211,0.6834490390171248,18730,0,True,0.8924722882803421,83,0.2,164.9090909090909,93,914,332,0.18096297658365876,0.3278934993322568,0.1292889766788061
3,3,7938.430769230769,538,True,0.0936200132166902,0.5000100000000001,269055,0,False,0.7692304358975802,50,0.2,54.48,65,1375,323,0.4565867505023904,0.2452857580250657,0.03263541536010295
4,4,2541.2736842105264,129,True,0.2231129782866697,0.6899950328453068,3968,0,True,-2.815621985332853e-17,95,0.2,278.0,95,556,232,0.6391282241023746,0.21476452209736413,0.16462331831650334
5,5,5566.427272727273,158,True,0.13751682702864348,0.6303407329431284,11750,0,True,0.8999991000009001,99,0.2,298.5,110,543,266,0.4318138440608024,0.5583537209669608,0.14308038835844886
0,0,2618.262626262627,353,False,0.14516929975055504,0.5000100000000001,0,0,False,-1.9013085235786758e-17,99,0.2,0.06,99,3,317,0.18572584452369367,0.479481450607121,0.0013756463772480075
1,1,8915.370689655172,216,True,0.4578445602856343,0.5000100000000001,31591,0,True,0.7413790236782716,86,0.2,45.0,116,444,235,0.3995298828660466,0.4841922772017265,0.06571987393726604
2,2,6971.330097087379,167,True,0.2819865699809224,0.9612717127600618,2233,0,True,-2.395229372950231e-17,103,0.2,109.66666666666669,103,329,166,0.5300300880534902,0.07021296505077758,0.13747898802976574
0,0,7420.420560747663,442,True,0.2711561903003247,0.7468075337732231,44514,0,True,-2.6633929689191027e-17,107,0.2,73.3,107,733,411,0.5570875761276521,0.4953964485610204,0.13348115896847831
1,1,5501.11475409836,397,True,0.16574187943944332,0.5132759290037506,34741,0,True,0.8852451302114449,54,0.2,164.88888888888889,61,978,343,0.6663666868760038,0.5340369013353929,0.15653790211079024
2,2,6867.6625,115,True,0.4148359877877105,0.5221565510302884,14378,0,True,0.4019885998192183,23,0.2,230.4,80,763,100,0.21568874913318767,0.2385095059681359,0.1986405552814843
3,3,9088.90909090909,426,True,0.05118727154579993,0.8066855272775678,13776,0,True,-2.8001089165431424e-18,55,0.2,74.0,55,666,351,0.5280026903276877,0.6083487588052356,0.043424044855149724
0,0,962.3648648648648,96,True,0.2631122969062267,0.6477436036808283,1664,0,True,6.187238475195766e-18,74,0.2,7.105263157894738,74,135,287,0.2515668763106916,0.44826246276781656,0.02043091870338032
1,1,2664.304347826087,91,True,0.11088187640441656,0.5000100000000001,8438,0,False,0.927534951885824,64,0.2,3.1,69,124,138,0.5120759304269205,0.1620705336275558,0.008601445932055186
2,2,3181.555555555556,350,True,0.3077271364946917,0.7977799316138857,4019,0,True,2.904776911022978e-18,54,0.2,102.66666666666669,54,616,446,0.3093153420005437,0.4258109897575964,0.09451508951941222
3,3,11456.270270270272,93,True,0.2069543190386685,0.8474303225958729,1686,0,True,6.187238475195766e-18,74,0.2,207.0,74,414,470,0.6564036248181578,0.007666394951130028,0.1396083780785546
4,4,5438.235294117647,314,True,0.2829805202064028,0.8300614677757231,5085,0,True,7.327274630227511e-18,68,0.2,360.0,68,1080,451,0.6064355463355442,0.31849194120295865,0.1670677811457366
5,5,9060.583333333334,742,True,0.200078766383832,0.6361668511087617,15496,0,True,-2.400887038702664e-18,84,0.2,212.2,84,1061,444,0.6994995966173352,0.3599220358096049,0.08128132294200002
6,6,9712.290909090909,243,True,0.2759402627972197,0.5000100000000001,3982,0,True,-2.8001089165431424e-18,55,0.2,220.66666666666663,55,662,154,0.5629321739021599,0.5507153838231517,0.07192773645824252
0,0,2023.436170212766,684,True,0.4323101264326993,0.5540771206858173,85763,0,True,-9.586158298486872e-18,94,0.2,75.21428571428571,94,1053,392,0.6393013273745305,0.6039985892208165,0.13938525672664873
1,1,7974.407766990291,492,False,0.4123672469119267,0.5000100000000001,55599,0,False,-2.395229372950231e-17,103,0.2,13.24,103,662,443,0.23180207564110325,0.60193907184524,0.012097054647848273
2,2,6122.901960784314,252,True,0.460316807753197,0.8840213553378973,0,0,True,0.568627319162241,29,0.2,132.71428571428572,51,539,270,0.022999674866327226,0.057755198071768266,0.0969503183269883
0,0,2118.8888888888887,388,True,0.18551193144104974,0.8805179590251063,98640,0,True,-2.091439375936544e-18,90,0.2,12.454545454545455,90,548,368,0.4441503023549427,0.4635162229858452,0.02899860870311495
1,1,2656.7741935483873,630,True,0.25946609981119506,0.5000100000000001,112100,0,True,1.958684118983235e-18,93,0.2,22.05405405405405,93,816,402,0.6549125828794928,0.3027350754961433,0.02394924776122369
2,2,9881.23595505618,340,True,0.30822946464599177,0.5000100000000001,34506,0,True,0.8314601808242625,74,0.2,113.1,89,649,404,0.6057915519652657,0.6724995325210107,0.0723599725685874
3,3,5971.3943661971825,251,True,0.2970054405136907,0.5419184960792629,8655,0,True,-5.040862610122796e-18,71,0.2,270.6666666666667,71,812,327,0.658615310787781,0.4500361214887985,0.13931888707707638
4,4,9015.982142857143,92,True,0.28411808636548325,0.5000100000000001,108250,0,False,0.2990524712986257,10,0.2,238.16,56,3229,192,0.14646354301144482,0.04267478438221791,0.10616383860796004
0,0,7282.342105263157,25,True,0.08046659735706223,0.5529528107969448,50214,4,False,0.4114317885085597,15,0.2,22.06,76,297,194,0.17383318183022994,0.12296843042569408,0.10979940345124507
1,1,7019.292307692308,112,True,0.21781905182584327,0.5000100000000001,363586,0,True,0.4580017512373351,22,0.2,128.75438596491227,65,2572,580,0.28221430512635715,0.6900072985992565,0.11679130470972028
2,2,9227.674074074072,20,True,0.20088953168774928,0.5000100000000001,282791,0,False,0.4826049532600678,48,0.2,11.42,135,397,121,0.2794047074643345,0.507737893411445,0.009257464396140436
3,3,6374.125,51,True,0.15119370460988396,0.6150909369507244,2098,0,True,0.0,64,0.2,155.0,64,310,336,0.6269918612856937,0.357978432396557,0.09497076388499157
4,4,3362.0222222222224,25,True,0.2791134139484707,0.6894103898925809,2470,0,True,-2.091439375936544e-18,90,0.2,249.0,90,498,214,0.4310760369263206,0.3773350292633062,0.12827171998069273
5,5,5856.125,39,True,0.2629923807843853,0.5386258853896055,54745,0,False,0.2942677001588872,8,0.2,19.2,56,593,299,0.02525820500578395,0.6817392150801506,0.00816904205499891
6,6,3095.109375,53,True,0.060519186531851614,0.599916209523732,19130,0,True,0.907985465432558,57,0.2,451.75,64,1301,559,0.2948736628496814,0.4325487508247389,0.14226787887116807
7,7,7692.033333333334,56,True,0.07513506027803403,0.5780218960039718,2822,0,True,0.0,60,0.2,267.0,60,534,497,0.6878811403481812,0.2929172990331058,0.07408235950577806
8,8,6806.762376237623,41,True,0.2716863383293613,0.700745558876026,2352,0,True,-3.155303597261386e-17,101,0.2,129.0,101,258,246,0.5952039787146794,0.6890592875828936,0.033783428901845484
9,9,4317.338235294118,52,True,0.09911669032283447,0.5000100000000001,8330576,0,False,0.44969954408974894,38,0.2,797.74,136,30596,353,0.13633606947785615,0.08369078367562338,0.1716153313441891
10,10,9269.555555555555,28,True,0.13079275345300556,0.5000100000000001,23354,0,True,-2.091439375936544e-18,90,0.2,813.0,90,1626,257,0.6464528712062094,0.4843228027335506,0.1639050808250235
11,11,7406.235294117647,20,True,0.14222829307239535,0.5590210388135227,131117,0,False,0.29003511263774195,8,0.2,49.86,68,2320,109,0.08550670139326234,0.07741245806693936,0.009643204161947416
12,12,9924.836363636363,26,True,0.2600441252663229,0.5000100000000001,6792,0,True,-2.8001089165431424e-18,55,0.2,602.0,55,1204,139,0.4615202512712516,0.5593473764842388,0.11416982294884633
13,13,6583.5376344086035,10,True,0.2826935680755056,0.7089786169021371,7056,0,True,0.7634405374879173,71,0.2,470.5,93,1104,131,0.1451272557163236,0.4516486159427235,0.08725977850100383
14,14,2592.23595505618,27,True,0.07510907517326887,0.8552711653854441,8554,0,True,-2.1387020508882717e-18,89,0.2,702.0,89,1404,517,0.3439762197816835,0.5652172251895077,0.12035486153223705
15,15,3148.980582524272,24,True,0.09938440579098916,0.5000100000000001,23776,0,True,-2.395229372950231e-17,103,0.2,913.0,103,1826,302,0.6340342541738777,0.5108664021058932,0.13816466852033926
16,16,1777.9035087719299,55,True,0.17318339897410154,0.5000100000000001,14282,0,True,-1.8249401756787015e-17,114,0.2,580.0,114,1160,383,0.683452695435601,0.465969770271337,0.0872229522665605
17,17,3702.6794871794873,74,True,0.060846071126381136,0.5000100000000001,3986712,0,True,0.5750783665488216,33,0.2,776.7647058823529,78,24630,547,0.27865136179005073,0.23133364780684715,0.09818379061629744
18,18,9071.681318681318,39,True,0.2921096236085973,0.5000100000000001,1599159,0,False,0.2336447459941868,9,0.2,337.78,91,16428,503,0.1296393047173548,0.0805209787324732,0.03965607955949185
19,19,806.5196850393701,68,True,0.2144795011266769,0.5000100000000001,6905,0,True,-3.150968865723728e-18,127,0.2,24.66666666666667,127,148,386,0.5833489660590209,0.6332060698391133,0.0027911850314282123
20,20,1471.7590361445782,64,True,0.23064896556988426,0.5000100000000001,21980,0,True,0.5922279979660839,40,0.2,908.0,83,6513,407,0.03358868701084175,0.5015233770506239,0.0940488043961716
0,0,5113.438596491228,36,True,0.16996648126859765,0.7895028084697278,709,0,True,7.821172181480152e-18,57,0.2,6.111111111111112,57,55,304,0.5795604240750301,0.5402232664352448,0.015592877776031487
1,1,9277.55303030303,44,True,0.15407033445438195,0.6275572849350377,3636,0,True,0.7305663252735893,92,0.2,67.5,132,142,460,0.2884416149218022,0.3198902491483088,0.06575079959436984
2,2,6976.837209302325,34,True,0.2583277791631559,0.5000100000000001,7818,0,False,0.4681220709538097,49,0.2,1.8,129,55,597,0.1521678385041942,0.07049457034579314,0.001811171756794039
3,3,9046.290076335878,15,True,0.28062496948941457,0.6822299810386087,208,0,True,0.7633584560454452,100,0.2,84.0,131,125,189,0.05921170583406444,0.4484325826103336,0.04667541963674426
4,4,598.7588652482268,18,True,0.1856705619618943,0.5000100000000001,1946,0,True,0.0,141,0.2,240.0,141,480,535,0.6229171345899478,0.0888595335635161,0.08519847443561432
5,5,9520.507042253521,23,True,0.2781082548744945,0.5000100000000001,848224,0,False,0.3129590907347154,16,0.2,327.74,71,6961,271,0.16480777786350287,0.5823906437841776,0.11161745989362992
6,6,7560.715909090909,26,True,0.06625504436351423,0.8192783754935377,3140,0,True,8.750340364197316e-18,88,0.2,278.0,88,556,159,0.6512300298287322,0.301084775625877,0.09072124166818156
7,7,1025.5867768595042,23,True,0.2534576229124991,0.5000100000000001,320,0,True,-1.3884837602693267e-17,121,0.2,113.0,121,226,457,0.1320344869034198,0.14608556335388528,0.029502123889197325
8,8,8328.252032520326,68,True,0.08295899126800338,0.9680151736228806,10030,0,True,-5.5987371753209086e-18,123,0.2,684.0,123,1368,506,0.6852223017125453,0.29782961562030075,0.16399394401259573
9,9,4895.968421052631,78,True,0.10396226910596752,0.5000100000000001,41692,0,True,0.8631572639680725,82,0.2,881.6666666666665,95,1769,549,0.4913001302469722,0.14549055182213086,0.18112569156942795
10,10,8882.41935483871,19,True,0.05636936535387156,0.5610226363737425,190300,0,True,0.8108292058223531,96,0.2,440.25,124,1794,222,0.5422614310791302,0.3873016056627595,0.08681188885467568
11,11,7183.6,10,True,0.15271838530733328,0.8025170991654517,4608,0,True,-2.8001089165431424e-18,55,0.2,875.0,55,1750,132,0.3650710866069045,0.3655736154932922,0.17217346059471525
12,12,7511.757142857144,79,True,0.15693048189333098,0.5000100000000001,31230,0,True,0.8999991000009003,126,0.2,755.5,140,1238,500,0.4469774886852162,0.3047543198575393,0.1330413480063455
13,13,7803.045454545455,10,True,0.15679161063157532,0.9163617631487172,6654,0,True,-4.200163374814711e-18,110,0.2,670.0,110,1340,357,0.5080289853178198,0.2626913127369133,0.10981834814815228
14,14,8074.5,16,True,0.2286218545528967,0.5945491250823021,5222,0,True,0.0,56,0.2,726.0,56,1452,154,0.5342130532796596,0.3405242101658976,0.11675183074008788
15,15,5808.46835443038,78,True,0.08477223315258882,0.8895631368745833,258,0,True,1.357207093821984e-17,79,0.2,64.0,79,192,475,0.1289975270745041,0.6054136245015808,0.011318323689835676
16,16,2532.353658536585,20,True,0.07217702307145145,0.5869138211547855,5757126,0,False,0.5022067167431012,27,0.2,1126.7,82,39577,131,0.3134590420588561,0.24016027165708595,0.14635801188612702
17,17,3585.7735849056603,50,True,0.2679702582931308,0.5000100000000001,6692,0,True,0.6603771640461787,35,0.2,121.0,53,400,285,0.3955387374284948,0.3438305688004966,0.016862875557181998
18,18,8700.184615384616,59,True,0.08130801542478462,0.5058367822305577,22612,0,True,8.019246837910536e-18,65,0.2,1277.0,65,2554,376,0.6700062489551452,0.6091469147229005,0.14612764088490385
19,19,6026.140350877194,52,True,0.26374321336022344,0.5000100000000001,19072,0,True,7.821172181480152e-18,57,0.2,1121.0,57,2242,545,0.6893477273027172,0.03998350437000402,0.11848911731720844
0,0,2303.190476190476,48,True,0.19154163320768475,0.5000100000000001,126,0,True,-2.400887038702664e-18,84,0.2,29.0,84,87,254,0.5226574251211021,0.1201716069142614,0.14958949235771749
1,1,5455.2,10,True,0.2431563771638846,0.5000100000000001,802,1,True,0.6627658164328051,61,0.2,27.5,100,47,440,0.4486498826596927,0.5400852877716215,0.03623975689728205
2,2,3025.3544303797466,33,True,0.17554161704706034,0.5000100000000001,2638,0,True,0.7974679606805745,63,0.2,99.0,79,176,190,0.4140654586929117,0.28133059123204096,0.09922466640737647
3,3,2595.8650793650795,29,True,0.12710201591557335,0.6763355963689419,2556,0,True,-3.2011827182702197e-18,126,0.2,252.0,126,504,333,0.6192967733038324,0.6328180244893693,0.17719332202510873
4,4,9777.804195804196,15,True,0.2783925176695599,0.5018633160454521,50137,0,False,0.17215385432125502,8,0.2,33.5,143,740,187,0.0735133571410549,0.3054006715306047,0.01875552949967712
5,5,2172.151785714286,23,True,0.15773850847361254,0.5000100000000001,965188,0,False,0.43834414691787504,39,0.2,208.94,112,5839,334,0.13085354389303122,0.577984820721538,0.08893217523359682
6,6,2988.313953488372,42,True,0.14346370370234146,0.9293908654350856,230,0,True,-6.8715490583096275e-18,86,0.2,163.0,86,326,406,0.06140471086552252,0.2623215722037102,0.054102639938577
7,7,6133.628099173554,34,True,0.12271730084534545,0.5000100000000001,4866150,0,False,0.3931806636675912,30,0.2,617.06,121,21834,364,0.22618373299591335,0.14200996129927038,0.18501384104961802
8,8,4569.333333333333,44,True,0.06298149659400544,0.6843876710299909,13854,0,True,-2.974491556887529e-17,135,0.2,760.0,135,1520,393,0.3061814230894148,0.3885719570346053,0.19741820597914414
9,9,2791.9310344827586,28,True,0.11866514435848464,0.5000100000000001,5251500,0,False,0.5125009862864762,48,0.2,280.54,116,13083,196,0.30532102813946504,0.6426466294178739,0.06747430056914176
10,10,3766.0108695652175,27,True,0.08517479554127863,0.8166301689232015,3114,0,True,-6.004486866169423e-18,92,0.2,141.0,92,282,283,0.5527562504210686,0.295405094191714,0.02808876504586721
11,11,2661.2162162162163,17,True,0.08399745775957097,0.8094254073241495,6204,0,True,6.187238475195766e-18,74,0.2,515.0,74,1030,258,0.3793083680579437,0.5374866008840358,0.11534454613588767
12,12,6421.9557522123905,61,True,0.11497574560704325,0.9656445152350578,1590,0,True,-9.286914606907515e-18,113,0.2,415.0,113,830,455,0.12320417384990613,0.03559919941535036,0.07624554734291174
13,13,8696.316326530612,43,True,0.15790860233313295,0.5000100000000001,26366,0,True,0.0,98,0.2,1065.0,98,2130,388,0.5323952426496634,0.2039225683244929,0.18224017530080336
14,14,5512.179104477612,47,True,0.14653045194223366,0.5706845191747048,21016,0,True,0.8805962774259908,59,0.2,483.5,67,1093,328,0.5316425561040999,0.08917955506254871,0.07276548182401033
15,15,8989.046296296296,29,True,0.05686216282552613,0.512358016410757,19656,0,True,-7.261942277557444e-18,108,0.2,612.0,108,1224,213,0.697368219117806,0.057946070122098,0.10172266415694617
16,16,548.5252525252525,10,True,0.05981698383647072,0.5000100000000001,2252,0,True,-1.9013085235786758e-17,99,0.2,719.0,99,1438,110,0.17188316355406574,0.6996387383025328,0.10827654725909544
17,17,6303.775510204082,18,True,0.13085140701989878,0.6667278857811588,0,0,False,0.2836103459845221,15,0.2,225.66,147,10464,270,0.0004382477175126742,0.5758068182391465,0.032097469622424546
18,18,1758.25,76,True,0.13113537731688066,0.5000100000000001,515808,0,False,0.5892528247974675,55,0.2,31.61,120,1539,441,0.15694411308631276,0.6454308133897213,0.004189705522923504
19,19,2556.464566929134,37,True,0.09486956046819146,0.5359663885255098,25724,0,True,-3.150968865723728e-18,127,0.2,715.0,127,1430,246,0.6674450109733139,0.3466074097678353,0.08761370441986105
20,20,6704.0392156862745,19,True,0.20946410615975572,0.6888450057947276,22262,0,True,-1.3026266009293354e-17,51,0.2,1667.0,51,3334,520,0.5905940510602445,0.3406935189313369,0.19339421607754625
0,0,9721.225806451614,13,True,0.11968900583497688,0.5000100000000001,68696,8,False,0.26740171766679705,8,0.2,28.85,93,736,215,0.10674189848445988,0.4345912094347154,0.10354201236757472
1,1,9308.902777777776,48,True,0.18204940140035192,0.5000100000000001,1970,0,True,0.8888880888896088,64,0.2,103.0,72,149,295,0.5991210083348906,0.08703116953220931,0.18472674996996388
2,2,6957.2880000000005,18,True,0.2696662345935912,0.5000100000000001,324176,0,False,0.3187328206258013,28,0.2,92.98,125,1469,580,0.15313632297633867,0.10512157545291176,0.07374059688825774
3,3,8068.181818181818,37,True,0.11097116159542174,0.5000100000000001,1134,0,True,-2.8001089165431424e-18,55,0.2,177.0,55,354,362,0.6670583252421733,0.2468007557930787,0.11495482335559268
4,4,2036.7260273972602,13,True,0.1941604485904766,0.5000100000000001,4086,0,True,0.8630130686305968,126,0.2,310.0,146,440,151,0.26469553292968395,0.5657686532757443,0.17098804389485306
5,5,811.1145833333335,67,True,0.2577904935505389,0.5000100000000001,1370,0,True,0.0,96,0.2,341.0,96,682,355,0.43362061532624535,0.043551208402881965,0.14820428511001926
6,6,8133.068493150685,86,True,0.2975880986113865,0.5351240230320669,234628,0,False,0.1945365991782864,13,0.2,406.36,146,11621,497,0.003872249267759453,0.0971330836906058,0.14440727420538288
7,7,4208.64,17,True,0.131188302695396,0.7055980471196902,22240,0,True,0.6340539683710853,27,0.2,140.28571428571428,50,1006,126,0.2737574714914344,0.14750024608699402,0.04725661330549072
8,8,7974.148760330579,40,True,0.14405393530523616,0.8610390394004315,12968,0,True,-1.3884837602693267e-17,121,0.2,497.0,121,994,403,0.5205588149611798,0.41429068325969387,0.1454446943459834
9,9,7527.075342465753,14,True,0.1563454860613825,0.9761515410193944,20882,0,True,-5.086330326916422e-17,146,0.2,592.0,146,1184,112,0.5845208538090122,0.32057209977662393,0.1717768049056122
10,10,2945.462264150944,20,True,0.055727881500032536,0.5000100000000001,25728,0,True,0.9622616009501536,102,0.2,341.5,106,839,118,0.5421221717222408,0.6121995752610205,0.0934858970115997
11,11,5976.089887640451,52,True,0.15056288926435613,0.5000100000000001,3113704,0,False,0.3642584927675115,22,0.2,268.88,89,13478,428,0.25240126434202304,0.5894429520086283,0.061407372666519036
12,12,6014.241666666668,13,True,0.19382989080281587,0.5000100000000001,20852,0,True,0.8749993000005599,105,0.2,282.0,120,756,176,0.4271649397077764,0.12253353726473495,0.059113595586815115
13,13,3929.5982905982905,58,True,0.28016307176639016,0.7884969489644189,27852,0,True,-1.3612919014971587e-17,117,0.2,972.0,117,1944,335,0.4593945665773712,0.5461362568206882,0.1856260175113285
14,14,4052.193181818182,69,True,0.1380090704439918,0.8565428584946957,2230,0,True,0.8522721503500409,75,0.2,368.0,88,926,461,0.0715934914329912,0.2870883398823668,0.06718000487848617
15,15,3848.6407766990287,45,True,0.09152851558495516,0.5000100000000001,2033134,0,True,0.6438834288256382,56,0.2,703.5882352941177,103,12922,279,0.3275215379181331,0.05842659260428665,0.11647725821615194
16,16,4795.934426229508,37,True,0.056864896173032524,0.6540437049293318,1896127,0,False,0.4875267068889656,37,0.2,95.81,122,5118,415,0.1781398792715519,0.019249437213389814,0.014807133051318644
17,17,3579.3307086614172,72,True,0.05484829804299938,0.6155371927172216,18898,0,True,-3.150968865723728e-18,127,0.2,520.0,127,1040,538,0.5553815219236559,0.35565142561815183,0.06863573783363107
18,18,6054.3223140495875,34,True,0.2496645925116993,0.5295282907278251,137060,0,True,0.8512390971996497,103,0.2,1430.0,121,3691,290,0.5126601026372597,0.01873152996945716,0.191790706478857
0,0,8260.657142857142,34,True,0.21850806771831216,0.5000100000000001,16483,0,False,0.2924214040904769,17,0.2,11.96,140,251,478,0.06634178914136009,0.280431844124562,0.023152140873762786
1,1,2889.2758620689656,17,True,0.07584273813354171,0.9953488493533232,1026,0,True,0.0,145,0.2,106.0,145,212,270,0.34140075415513543,0.03340722430804261,0.11911013651700965
2,2,8198.860215053763,23,True,0.10337992012380176,0.5000100000000001,263754,0,False,0.3818125858608383,20,0.2,136.8,93,2180,149,0.1832177188734782,0.051152208587630976,0.1331581837844094
3,3,4874.836956521739,30,True,0.23068490985566,0.5000100000000001,1473,0,True,0.8695645507251489,80,0.2,21.142857142857142,92,57,402,0.5306692312840341,0.23710092056701196,0.01508076375273406
4,4,9935.056179775282,40,True,0.1898528351508752,0.820843263465859,854,0,True,-2.1387020508882717e-18,89,0.2,167.0,89,334,297,0.4524783942712518,0.5984515263865198,0.08614489648952058
5,5,5275.650793650793,70,True,0.23675790194518465,0.6350654089471993,1765,0,True,0.8253963526698235,52,0.2,59.66666666666666,63,175,501,0.27174806158090986,0.5527868080183304,0.024463054491212846
6,6,1317.3295454545455,40,True,0.21401561130152125,0.6958523506173361,318,0,True,8.750340364197316e-18,88,0.2,179.0,88,358,381,0.2113908942718458,0.6079961986375562,0.060294411527768765
7,7,5348.644295302013,71,True,0.2760979289930145,0.8107575623036559,5778,0,True,0.7651003454267924,114,0.2,514.0,149,841,377,0.15784769553927105,0.2254148268898572,0.1417753267885655
8,8,1431.60162601626,29,True,0.1933655883218172,0.6864407103214925,510,0,True,0.8617879943572181,106,0.2,35.5,123,95,217,0.05703268781276804,0.4951544036048695,0.008934507336413988
9,9,5971.615384615385,51,True,0.297222497816006,0.5000100000000001,12006,0,True,0.8365379497740687,87,0.2,419.5,104,683,311,0.5558135008137256,0.4078431055188923,0.09576166766631927
10,10,6924.541984732825,38,True,0.18623533224062488,0.5000100000000001,556361,4,False,0.4158296429172016,39,0.2,56.96,131,1219,483,0.3208212305987633,0.1375170173579518,0.012134943123218434
11,11,2897.154411764706,28,True,0.14396574885130636,0.6902798017885491,13546,0,True,0.0,136,0.2,1074.0,136,2148,292,0.4763934097063909,0.5249246769373246,0.19968407402086644
12,12,6520.258064516129,44,True,0.11381898881592585,0.5000100000000001,72058,0,True,0.7051611154426236,41,0.2,576.6666666666666,62,2126,237,0.5481218753733763,0.2654269245510973,0.10112581819306804
13,13,7062.135135135136,70,True,0.06138293140396765,0.5357314304861106,83904,0,True,0.8492718658406718,124,0.2,14.538461538461537,148,211,399,0.4800134115182656,0.1249161132777974,0.002537757632871807
14,14,8795.247863247863,95,True,0.08186869456451536,0.6766293883506205,47368,0,True,0.931622569125924,109,0.2,1338.0,117,2380,485,0.5341053860991934,0.5114037296737053,0.196207443972841
15,15,1253.6727272727271,29,True,0.06023482284977798,0.5000100000000001,384906,0,True,0.7149952328824528,67,0.2,366.0,110,4229,235,0.2602759617878962,0.5789356461546271,0.051192138216516206
16,16,2090.943548387097,68,True,0.1332638028505405,0.5000100000000001,953712,0,True,0.5453202899026696,55,0.2,210.44117647058826,124,4291,457,0.2226418707029938,0.4232251222118568,0.02655834602019851
17,17,8656.132352941177,63,True,0.08030836743438331,0.5000100000000001,2255,0,True,7.327274630227511e-18,68,0.2,68.33333333333333,68,205,580,0.5918532301783389,0.5597919708260305,0.008357288089523985
18,18,1323.8230088495575,66,True,0.2567049137513272,0.7155402189364974,24456,0,True,-9.286914606907515e-18,113,0.2,1404.0,113,2808,339,0.6546281875064477,0.27691550562082684,0.15667866220186946
19,19,4629.405405405405,30,True,0.26165668223192684,0.958231632415878,13436,0,True,6.187238475195766e-18,74,0.2,1862.0,74,3724,238,0.28906963066804525,0.3891007858530515,0.19061513619156506
20,20,834.7263157894737,26,True,0.21310092324214766,0.5746142140036754,10574,0,True,-2.815621985332853e-17,95,0.2,752.0,95,1504,548,0.690591108383177,0.1615732945112059,0.07860389237812944
0,0,817.8493150684932,59,True,0.17432647271893334,0.7394867316999957,613,0,True,-5.086330326916422e-17,146,0.2,44.66666666666666,146,134,395,0.6507414212120736,0.39781838697770266,0.1207102043308966
1,1,8082.172413793103,50,True,0.09753936808710643,0.5865530416248966,201,0,True,-6.7144902675727284e-18,87,0.2,21.75,87,87,569,0.3494639538303779,0.28819391241173403,0.025273047648198974
2,2,10175.89010989011,16,True,0.19168410529456045,0.5000100000000001,32930,0,False,0.19117034315336304,3,0.2,135.42,91,2982,106,0.021417173381345245,0.3541157524159258,0.1006008154404408
3,3,8710.943661971829,32,True,0.1991724806994329,0.5000100000000001,989624,0,False,0.3772819418281909,20,0.2,151.56,71,4466,171,0.2810526237845309,0.6904202831671569,0.08973373342082687
4,4,7914.356521739131,44,True,0.2456210438578856,0.714413568836997,3030,0,True,0.8086952294468611,93,0.2,96.0,115,184,287,0.3184467744215995,0.6188963504008818,0.056350108600631436
5,5,10026.344537815126,53,True,0.1037162086335382,0.7026498817508738,3894,0,True,-1.555176656211553e-17,119,0.2,304.0,119,608,296,0.4028341795615951,0.4517893121761133,0.13050215588911793
6,6,7794.963963963964,21,True,0.061200674988795827,0.5180854667684095,11396,0,True,0.9549528349596612,106,0.2,210.5,111,391,449,0.5855777470360243,0.6015566307287518,0.0768306284424672
7,7,5965.373015873017,53,True,0.168012612900153,0.712029650559675,3369,0,True,-3.2011827182702197e-18,126,0.2,17.8,126,89,448,0.6301375764556979,0.5842499746998265,0.005881016297033282
8,8,2014.709219858156,71,True,0.2917241184257837,0.9273325376665242,8466,0,True,0.0,141,0.2,368.0,141,736,463,0.610295469612102,0.1840752920000266,0.08363463526942932
9,9,3826.1609195402293,17,True,0.06944587243089208,0.6658200123899012,23124,0,True,0.931033132760578,81,0.2,753.0,87,1413,428,0.5520623460630861,0.35053022599158545,0.16126863101489858
10,10,4207.243697478992,36,True,0.1750536255154989,0.9412573956883672,11880,0,True,-1.555176656211553e-17,119,0.2,885.0,119,1770,213,0.507950751771589,0.09286841833784036,0.18350581181013728
11,11,4492.754545454545,28,True,0.29020113304711,0.5000100000000001,9584,0,True,0.5883115727504864,60,0.2,119.25,110,371,564,0.2889111140476108,0.6155692207427815,0.01909752118177437
12,12,7953.508196721312,29,True,0.2039423379550621,0.670618658555693,730244,0,False,0.19902761098117014,6,0.2,822.36,61,32541,432,0.023314884289399797,0.2873921773484298,0.12613660588987582
13,13,2422.2936507936506,83,True,0.14579548000716624,0.7023809754011062,33396,0,True,0.6652862221862651,82,0.2,565.5,126,2411,440,0.1115883556243856,0.2553129834319177,0.07854758917760246
14,14,2784.7476635514013,18,True,0.2064362769175639,0.5000100000000001,24012,0,True,-2.6633929689191027e-17,107,0.2,1031.0,107,2062,322,0.5224771054326247,0.13991137670416853,0.14043430427698886
15,15,8921.109375,22,True,0.07061911908433656,0.5000100000000001,9828,0,True,0.0,64,0.2,545.0,64,1090,226,0.693243769862836,0.3324866264923624,0.06777353642673263
16,16,5030.019417475728,11,True,0.15116164828209375,0.5000100000000001,17527950,0,False,0.3671435800149167,25,0.2,1489.58,103,73131,123,0.19814420554843687,0.13147362603274038,0.18606883353312773
17,17,5001.059829059829,16,True,0.10539777788090132,0.594955077886125,35596,0,True,-1.3612919014971587e-17,117,0.2,1293.0,117,2586,225,0.4467231920268594,0.4749524660201866,0.15677600677146286
18,18,8571.234782608695,97,True,0.18064147167861014,0.9515110920727029,44052,0,True,-1.4090529179277584e-17,115,0.2,1371.0,115,2742,596,0.6032770834926718,0.35966132319711,0.15969763055568775
